@id,@lon,@lat,name,name:mk,name:en,int_name,addr:city,addr:housenumber,addr:postcode,addr:street,phone,contact:phone,opening_hours,fee,operator,website,historic,memorial,wikipedia
172348137,21.4174425,42.0057090,Природонаучен Музеј,,Macedonian Museum of Natural History,,,,,,,+38923117669,Tu-Su 09:00-16:00,yes,,,,,mk:Природонаучен музеј на Македонија
367853384,21.4333190,41.9936737,Питу Гули,,,,,,,,,,,,,,monument,,
367860262,21.4233737,42.0032812,Гоце Делчев,,,,,,,,,,,,,,monument,,
369750026,21.4338778,42.0008716,Влез на Скопското кале,,Skopje Fortress Gate,,,,,,,,,,,,city_gate,,
373488269,20.9601530,42.0195738,Тетовско Кале,,Tetovo Fortress,,,,,,,,,,,,ruins,,mk:Тетовско кале
382635381,22.0228463,41.4325212,Костурница,,Kosturnica,,,,,,,,,,,,monument,,
390757439,20.7914836,41.1155576,Лихнид,,,,,,,,,,,,,,archaeological_site,,it:Lychnidos
410115784,21.2578980,41.3377228,Мечкин Камен,,Mechkin Kamen,Mečkin Kamen,,,,,,,,,,,monument,,
410115785,21.2273776,41.3880768,Слива,,,Sliva,,,,,,,,,,,monument,,
444334991,22.4069917,41.9188903,Споменик на слободата,,Monument of Freedom,Spomenik na slobodata,,,,,,,,,,,monument,,mk:Споменик на слободата (Кочани)
473902990,22.3507979,42.2916094,WWII Battle - 17th Macedonian Brigade ws Bulgarian army,2ра Светска војна - Битка помеѓу 17та Македонска Ударна Бригада и Бугарската војска,,,,,,,,,,,,,monument,,
478699817,22.8566138,41.7077548,Музеј на град Берово,,Berovo Town Museum,,,,,,,,,,,http://www.berovo.gov.mk/index.php?option=com_content&view=article&id=76&Itemid=117,,,
495558836,20.6798350,41.1776616,Споменик на Револуцијата,,Monument of the Revolution,Spomenik na Revolucijata,,,,,,,,,,,monument,,
529811458,22.0163228,41.4343634,Музеј Галерија Кавадарци,,Muzej Galerija Kavadarci,,,,,,,,,,,,,,
534925163,20.7961416,41.1123610,Куќа на Робевци,,Robev Family House,Robev Family House,,62,,Цар Самоил,,,Tu-Su 09:00-14:00,,,http://muzejohrid.mk/en/house-of-robev-family,,,
908273421,21.4314474,41.9959035,Споменик на Александар Македонски,,Statue of Alexander the Great,Voin na Konj,,,,,,,,,,,monument,statue,mk:Воин на коњ (Скопје)
1272898175,22.5049622,41.8841902,Museum Teracotta,,,,,1a,,,,,,,,,,,
1452854994,20.5620379,41.6346281,Lukov,,,,,,,,,,,,,,memorial,,
1475328742,21.3527926,42.0586697,Rimska crkva,,,,,,,,,,,,,,archaeological_site,,
1475331129,21.3548716,42.0843452,Давина Кула,,Davina Kula,Davina Kula,,,,,,,,,,,archaeological_site,,
1475333181,21.2786993,42.0587494,Голема Кула - Кучково,,,,,,,,,,,,,,archaeological_site,,
1475333182,21.2844339,42.0585741,Мала Кула - Кучково,,,,,,,,,,,,,,archaeological_site,,
1708412126,21.7200501,42.1355189,Zena,Жена,,,,,,,,,,,,,monument,,
1734593430,21.3988480,42.0766913,Gradiste kaj s.Brazda,,,,,,,,,,,,,,archaeological_site,,
1831180502,21.2991931,41.9505936,Манастир Св. Андреј,,Monastery St. Andrej,Manastir Sv. Andrej,,,,,,,,,,,monument,,
1853704787,22.7221034,41.1871817,Музеј на Дојран,,,,,,,,,,,,,,,,
1857486060,21.4617772,42.0017233,Филип Втори,,,,,,,,,,,,,,monument,,
1859114111,21.4349949,41.9984602,Филип II Македонски,,Philip II of Macedon,,,,,,,,,,,,memorial,statue,
1866944575,21.4254968,41.9983057,Св. Климент Охридски,,Clement of Ohrid,Sv. Kliment Ohridski,,,,,,,,,,,memorial,statue,mk:Свети Климент Охридски
1867151652,21.4371620,41.9993163,Скендербег,,Skanderbeg,,,,,,,,,,,,memorial,statue,en:Skanderbeg
1867606193,21.1195933,40.8570205,Маркова Нога,,,,,,,,,,,,,,monument,,
1879436069,21.8098380,42.1706665,Костоперска Карпа,,,,,,,,,,,,,,archaeological_site,,mk:Костоперска Карпа
1879461479,21.9531180,42.2633818,Кокино,Кокино,,,,,,,,,,,,,archaeological_site,,mk:Кокино (локалитет)
1995790447,21.7194275,42.1355778,Јосип Броз - Тито,,,Josip Broz - Tito,,,,,,,,,,,monument,,
1999950866,22.2447656,41.4085959,Museum of Wine,Музеј на Биното,,,,,,,,,,,,,,,
2015829492,22.2541295,41.4094203,Марков Град,,Markov Grad,Markov Grad,,,,,,,,,,,ruins,,
2024605291,21.8500367,42.2782511,Меморијален центар АСНОМ,,Memorial Center ASNOM,Memorijalen centar ASNOM,,,,,,,,,,,memorial,war_memorial,
2026119373,20.9108574,41.7949320,Sahat Kula,,,,,,,,,,,,,,monument,,
2026891418,21.1545235,42.1068795,Орашко Кале,,Orashko Kale,,,,,,,,,,,,ruins,,
2026911763,20.9702432,41.5119269,Саат кула,,,,,,,,,,,,,,monument,,
2026930302,21.7840512,41.7140782,Саат кула,,,,,,,,,,,,,,monument,,
2026975410,22.4937679,41.2775784,Isar / Idomenae,,,,,,,,,,,,,,archaeological_site,,
2136716883,21.7192303,42.1346962,Куде сат,,,Kude sat,,,,,,,,,,,monument,,
2138788013,21.7629669,41.4293251,Ножот,,,,,,,,,,,,,,memorial,,mk:Битка на Ножот
2189840728,21.5519842,41.3451182,Народен Херој Кузман Јосифоски-Питу,Народен Херој Кузман Јосифоски-Питу,People's hero Kuzman Josifoski-Pitu,,,,,,,,,,,,monument,,
2189840898,21.5542670,41.3451518,Пеце Атанасоски,,,,,,,,,,,,,,monument,,
2189840958,21.5522173,41.3452617,Ѓорче Петров,,Gjorche Petrov,,,,,,,,,,,,monument,,
2268500979,21.2480535,41.3748344,Питу Гули,,,,,,,,,,,,,,tomb,,
2268500995,21.2482546,41.3748686,Тоше Проески,,,,,,,,,,,,,,tomb,,
2269431831,21.2463296,41.3736665,Никола Карев,,,,,,,,,,,,,,monument,,
2279507279,20.6776078,41.1805738,Д-р Никола Незлобински,,,,,,,,,,,,,,,,
2316156278,21.3368929,41.0246150,Стефан Наумов-Стив,,Stefan Naumov-Stiv,,,,,,,,,,,,memorial,,
2327281126,21.2497316,41.3649692,Споменик на Питу Гули,,Statue of Pitu Guli,Pitu Guli,,,,,,,,,,,monument,,
2330629820,21.2484409,41.3653856,Наум Наумоски-Борче,Наум Наумоски-Борче,Naum Naumoski-Borche,,,,,,,,,,,,monument,bust,
2350137461,21.9751675,41.5516379,Римски театар,,Roman theater,,,,,,,,,,,,ruins,,en:Stobi
2359124380,20.9514110,41.5126479,99.4-053,,,,,,,,,,,,,,locomotive,,
2360747213,22.5001795,41.1458586,Два Коња,,,,,,,,,,,,,,monument,,
2373710718,21.9862589,42.0836218,Цоцев Камен,,Cocev Kamen,Cocev Kamen,,,,,,,,,,,archaeological_site,,
2535153634,22.0181317,41.4184594,Спомен куќа на Страшо Пинџур,,Memorial house - Strasho Pindjur,,,,,,,,,,,,,,
2545342051,20.9119981,40.9765203,Преспанско Советување,,,,,,,,,,,,,,monument,,
2578029313,22.3348959,42.2020133,City Museum,,,,Kriva Palanka,,1330,Sveti Joakim Osogovski,,,,,,,,,
2598104053,21.5564074,41.3475544,Карпалак,,,,,,,,,,,,,,monument,,
2616082758,21.7853235,42.1491368,Zebrnjak,Зебрњак,,,,,,,,,,,,,memorial,,en:Zebrnjak
2759245083,20.7995376,41.1126936,Свети Климент Охридски,,Monument St. Clement Ohridski,Saint Klement of Ohrid,,,,,,,,,,,monument,,mk:Свети Климент Охридски
2759253188,20.7999940,41.1120476,Свети Кирил и Методиј,Saints Cyril and Methodius,Monuments of Saints Cyril and Methodius,Saints Cyril and Methodius,,,,,,,,,,,monument,,mk:Св. Кирил и Методиј
2759263738,20.7990226,41.1122955,Свети Наум Охридски Чудотворец,,Monument to St. Naum of Ohrid,Saint Naum,,,,,,,,,,,monument,,mk:Свети Наум Охридски Чудотворец
2795154377,20.7977703,41.1124606,Долна Порта,,Lower Gate,,,,,,,,,,,,city_gate,,
2829462221,21.9627449,42.0853984,Мачка камен,,Macka kamen,,,,,,,,,,,,archaeological_site,,
2851570672,21.0770931,41.4182291,Христо Узунов,,,,,,,,,,,,,,monument,,mk:Христо Узунов
3011061690,20.8135106,41.0596796,Sv. Nikola,,,,,,,,,,,,,,wayside_shrine,,
3039854149,20.9636151,41.9062629,Споменик на жртви од НОВ,,,,,,,,,,,,,,monument,,
3409068903,21.5524989,41.3460556,Александар Македонски,,,,,,,,,,,,,,monument,,
3409068904,21.5528281,41.3462544,Методија Андонов-Ченто,,,,,,,,,,,,,,monument,,
3409074126,21.5532430,41.3462194,Св. Никола,,,,,,,,,,,,,,monument,,
3418320912,21.7360635,41.8229140,Масакр кај Пуста Кула,,,,,,,,,,,,,,memorial,,
3456913802,21.5479723,41.3434323,Карпалак 2001,,,,,,,,,,,,,,monument,,
3457966074,21.5546460,41.3341123,Крипта,,Cript,,,,,,,,,,,,monument,,
3642663981,21.5548417,41.3454560,Итар Пејо,,Sly Peter,,,,,,,,,,,,monument,,
3694881124,22.8187714,41.9751620,Dedo Jakim - Mill,Воденицата на Дедо Јаким,,,,,,,,,,,,,monument,,
3694922580,22.8193451,41.9769054,Ilin Kamen,Илин Камен,,,,,,,,,,,,,monument,,
3695208787,22.7768724,41.9668611,Гоце Делчев (Биста),,Goce Delchev,,,,,,,,,,,,monument,,
3695208788,22.7742882,41.9643843,Гоце Делчев,,Goce Delchev,,,,,,,,,,,,monument,,
3695770497,22.7716387,41.9653801,Споменик на паднати борци во НОБ,,,,,,,,,,,,,,monument,,
3695988841,22.7729986,41.9664768,Музеј на град Делчево,,City Museum,,,,,,,,,,,,,,
3696656682,22.7954411,41.9425359,Кула,,Kula,,,,,,,,,,,,monument,,
3713662739,21.4261530,41.9952169,Josip Broz Tito,,,,,,,,,,,,,,memorial,statue,
3951819342,21.4313461,41.9682709,Маркови Кули,Маркови Кули,Markovi Kuli,Markovi Kuli,,,,,,,,,,,ruins,,mk:Маркови Кули (Водно)
4078676807,22.5093733,41.1393670,Леонид Јанков,,,,,,,,,,,,,,monument,,
4128156209,21.4339766,41.9977079,Св. Кирил и Методиј,,Saints Cyril and Methodius,Sv. Kiril i Metodi,,,,,,,,,,,memorial,statue,
4128156210,21.4341509,41.9975624,Св. Климент Охридски и Наум Охридски Чудотворец,,Saints Clement of Ohrid and Naum,,,,,,,,,,,,memorial,statue,mk:Свети Климент Охридски;mk:Свети Наум Охридски Чудотворец
4149143991,21.4313414,41.9953917,Цар Самоил,,Tsar Samuel,,,,1000,,,,,,,,memorial,statue,mk:Споменик на Цар Самоил (Скопје)
4161113452,21.4321474,41.9964949,Даме Груев,Даме Груев,Dame Gruev,,,,,,,,,,,,memorial,statue,
4161113453,21.4323054,41.9968799,Јустинијан I,,Justinian I,Justinian I.,,,,,,,,,,,memorial,statue,mk:Споменик на Јустинијан I
4161249330,21.4344182,41.9979046,Олимпија,,Olympias,,,,,,,,,,,,memorial,statue,
4183631289,21.4337226,41.9933030,Прометеј,,Prometheus,,,,,,,,,,,,monument,,
4242928035,21.4391060,41.9834333,Тодор Александров,,,,,,,,,,,,,,monument,,
4266031693,21.4369668,41.9867490,Стара Рампа,,,,,,,,,,,,,,monument,,
4271160712,21.4317487,41.9936684,Бегова кула,,Bey's Tower,,,,,,,,,,,,monument,,
4278022934,22.7549207,41.4166941,Гоце Делчев,,,,,,,,,,,,,,monument,,
4306447780,21.6749495,41.3661079,Борка Талески-Модерното / Лазо Филиповски-Лавски,,Borka Taleski / Lazo Filipovski,,,,,,,,,,,,memorial,war_memorial,
4351691820,20.7412554,40.9142149,Свети Наум,Свети Наум,,,,,,,,,,,,,memorial,statue,
4357166289,22.1903758,41.7364050,Споменик на загинатите евреи,,,,,,,,,,,,,,monument,,
4365876494,21.4375046,42.0008530,Мустафа-пашина џамија,,Murat Pasha Mosque,Murat Paşa Camii,,,,,,,,,,,monument,,
4378846992,21.4333848,41.9130467,Vila Varvarka,Vila Varvarka,Vila Varvarka,,,,,Varvara,+38975225868,,,,,,castle,,
4380846206,21.4108745,41.9949279,Споменик на Јуриј Гагарин,,Yuri Gagarin Monument,,,,,,,,,,,,monument,,
4386764089,21.4332009,41.9930188,Никола Карев,,,,,,,,,,,,,,monument,,
4477202789,21.4283664,42.0016804,Вера Јоциќ,Вера Јоциќ,Vera Jocik,,,,,,,,,,,,monument,,
4575831104,21.5532375,41.3455416,Марко Мрњавчевиќ,Марко Мрњавчевиќ,Marko Mrnjavchevikj,,,,,,,,,,,,monument,,
4575841428,21.5505634,41.3450704,Круме Кепески,,,,,,,,,,,,,,monument,,
4575841429,21.5506707,41.3451329,Блаже Конески,,,,,,,,,,,,,,monument,,
4575841430,21.5505581,41.3451792,Марко Цепенков,,,,,,,,,,,,,,monument,,
4585716598,20.9663459,41.5130946,Китино Кале,Китино Кале,Kita Castle,,,,,,,,,,,,castle,,
4745413067,20.7836677,41.2788101,Ботун,,,,,,,,,,,,,,memorial,,
4751492691,22.5006786,41.1582630,Споменик на слободата,,Monument of freedom,,,,,,,,,,,,monument,,
4907386415,21.5025867,41.3738524,Борецот,,,,,,,,,,,,,,monument,,
4972835907,20.6783749,41.1736526,Сергеј Есенин,,,,,,,,,,,,,,monument,,
5055432425,22.1823517,42.0769461,Емин-бегова кула,,Emin Bey Tower,Emin-beg Kula,,,,,,,,,,,monument,,
5055432426,22.1826261,42.0768838,Крстева кула,Крстева кула,Krste's Tower,Ksteva Kula,,,,,,,,,,,monument,,
5055444424,22.6878453,41.1949939,Споменик „Солунски фронт“ од I светска војна,,World War I Salonica Front memorial,,,,,,,,,,,,monument,,
5055444426,22.1822635,42.0768628,Хаџикостова кула,,Hadji Kostov Tower,Hadži Kostova Kula,,,,,,,,,,,monument,,
5055455123,22.1818109,42.0792053,Саат-кула,,Clock Tower,Saat Kula,,,,,,,,,,,monument,,
5055455125,22.1809805,42.0788289,Златковичева кула,,Zlatkovich Tower,Zlatkovičeva Kula,,,,,,,,,,,monument,,
5055455126,22.1794714,42.0786957,Симиќева кула,,Simikj Tower,Simiḱeva Kula,,,,,,,,,,,monument,,
5098505521,22.6796979,41.4409796,Струмица-Кристал-64,,,,,,,,,,,,,,monument,,
5115436809,20.7958058,41.1142035,Григор Прличев,,Grigor Prlicev grave,,,,,,,,,,,,tomb,,
5297308190,20.9724068,40.8878546,Monument Kulture,,,,,,,,,,,,,,monument,,
5327471601,21.3415263,41.0067740,Св. Троица,,St. Trinity,,,,,,,,,,,,yes,,mk:Св._Троица_(Битола)
5541143272,22.5039935,41.8845661,Теракота,,,,,,,,,,,,,,memorial,yes,
5551392390,20.6778868,41.1745272,Никола Кукунешоски - Дунѓерски,,Nikola Kukuneshoski - Dungjerski,,,,,,,,,,,,memorial,bust,
5551392391,20.6779485,41.1747311,Крсте Јовановски,,,,,,,,,,,,,,memorial,bust,
5551392392,20.6779833,41.1749451,Димче Кошаркоски,,,,,,,,,,,,,,memorial,bust,
5551410938,20.6782194,41.1756537,Боро Шаин,,,,,,,,,,,,,,memorial,bust,
5551410939,20.6781791,41.1755185,Јово Стефановски - Риле,,,,,,,,,,,,,,memorial,bust,
5551410940,20.6781416,41.1753893,Разме Малески,,,,,,,,,,,,,,memorial,bust,
5551410941,20.6781067,41.1752843,Петре Гончески - Гиле,,,,,,,,,,,,,,memorial,bust,
5596272451,20.8033957,41.0592400,Св. Благовештение,,,,,,,,,,,,,,wayside_shrine,,
5699016423,21.0506131,41.0240503,Eтнолошки музеј,,Ethnographic museum,,,,,,,,,,,,,,
5711419372,21.4323793,41.9963577,Гоце Делчев,Гоце Делчев,Goce Delchev,,,,,,,,,,,,memorial,statue,
5722266446,21.9665342,42.1003011,Konjuh,,,,,,,,,,,,,,archaeological_site,,
5724919828,21.9658672,42.0949995,Rotonda Konjuh,,,,,,,,,,,,,,ruins,,
5724929432,21.9606298,42.0995746,Bosko Chapel,,,,,,,,,,,,,,wayside_shrine,,
5725139643,22.2898290,41.7995125,Bargala,,,,,,,,,,,,,,archaeological_site,,
5728312945,22.7542141,41.3825161,Roman Bathhouse,,,,,,,,,,,,,,archaeological_site,,
5812672954,21.4434502,42.0169571,Doma,,,,,,,,,,,,,,monument,,
5833918548,20.6527230,41.5939237,Museum of Galichnik's cultural heritage,,,,,,,,,,,,,,,,
5901740885,21.4319995,41.9952759,Спомен плоча на Мајка Тереза,,Mother Teresa Old House Place,,Skopje,,1000,,,,,,,,memorial,,
5926438456,20.8078335,41.1057278,Ард ден Долард,,Aard den Dolaard,Aard den Dolaard,,,,,,,,,,,memorial,plaque,
5932385385,21.4422187,41.9586160,Резиденцијата Главинов,Резиденција Главинов,Residence Glavinov,,,292 А,1000,Христо Татарчев,+38970403406,,24/7,,,,castle,,
6054048485,21.4306041,41.9957136,Методија Андонов - Ченто,,,Metodija Andonov - Čento Momument,,,,,,,,,,,memorial,statue,
6054048494,21.4293515,41.9950349,Споменик на Христо Узунов,,Statue of Hristo Uzunov,,,,,,,,,,,,,statue,
6136130985,20.9681527,41.9974433,terminal mitnitsa tetovo,,,,,,,,,,,,,,monument,,
6136130988,21.2926787,41.9885405,patarina-160,,,,,,,,,,,,,,monument,,
6337100523,21.9562049,41.8289715,Kanda - Geoglif Sv. Nikole,,,,,,,,,,,,,https://www.ancient-origins.net/news-history-archaeology/astronomical-alignment-geoglyph-republic-macedonia-020170,monument,,
6349721704,22.6569551,41.7213441,Споменик на Малешевскиот (Малешки) народноослободителен одред,,,,,,,,,,,,,,memorial,plaque,
6418857588,20.9282003,41.0043725,Кале,Кале,Kale,Kale,,,,,,,,,,,archaeological_site,,mk:Кале (Шурленци)
6471416045,22.5905605,41.9856377,Калата,Калата,Kalata,Kalata,,,,,,,,,,,archaeological_site,,mk:Калата
6535106716,21.6281720,41.6952366,Бањичко Кале,,Banjica Fortress,Banjichko Kale,,,,,,,,,,,archaeological_site,,mk:Бањичко Кале
6563726510,20.7630424,41.3747079,Mirče Acev Bataljon,,,,,,,,,,,,,https://en.m.wikipedia.org/wiki/People%27s_Liberation_Army_of_Macedonia,monument,,
6821158694,21.4307922,41.9943288,2 musicians and one dancing man,,,,,,,,,,,,,,memorial,,
6833101185,20.7956940,41.1120953,Коста Абраш,,,,,,,,,,,,,,memorial,stele,
6837039795,20.8071328,41.1124032,Henry Dunant,,,,,,,,,,,,,,memorial,,
6901630767,21.3684104,41.2754595,Љубе Грујоски,,Ljube Grujoski,,,,,,,,,,,,monument,,
7102244287,21.3865879,41.9989569,Galerija RA,,Gallery RA,,,94,1000,Војвода Васил Чакаларов,+389075435402,,Mo-Sa 10:00-20:00,,,,,,
7124138432,22.7227512,41.1857198,Споменик на Дојрана,,,,,,,,,,,,,,monument,,
7124138466,22.7233826,41.1825947,Чешма Света Петка,,,,,,,,,,,,,,monument,,
7473901313,20.7762352,41.1850048,AXX110 / RA-42390,,,,,,,,,,,,,,memorial,,
7473959214,21.6157628,41.9779001,PMK301 / PH-KXL,,,,,,,,,,,,,,memorial,aircraft,
7475537800,21.5605466,41.3724643,Дабнички масакр,,Masacre of Dabnica,,,,,,,,,,,,memorial,war_memorial,mk:Дабнички масакр
7504362426,21.6536957,41.2064953,Толе Паша,,Tole Pasha,,,,,,,,,,,,monument,,mk:Толе_Паша
7508523395,21.5476216,42.0224160,Ацо Ангеловски,,,,,,,,,,,,,,memorial,war_memorial,
7508523396,21.5480468,42.0225556,Кирил Петрушевски,,,,,,,,,,,,,,memorial,war_memorial,
7508523397,21.5486015,42.0227044,Ерол Готак,,,,,,,,,,,,,,memorial,war_memorial,
7564103281,21.1660504,41.9764851,Нане Наумоски,,,,,,,,,,,,,,memorial,war_memorial,
7564103282,21.1773385,41.9778470,Сашо Китаноски,,,,,,,,,,,,,,memorial,war_memorial,
7564103283,21.1679024,41.9775300,Бранко Секулоски,,,,,,,,,,,,,,memorial,war_memorial,
7564125585,21.1745241,41.9781971,Горан Миноски,,,,,,,,,,,,,,memorial,war_memorial,
7564125586,21.1713626,41.9778930,Марко Деспотоски,,,,,,,,,,,,,,memorial,war_memorial,
7564125587,21.1675604,41.9767167,Ердован Шабаноски,,,,,,,,,,,,,,memorial,war_memorial,
7564125588,21.1694976,41.9772958,Љубе Грујоски,,,,,,,,,,,,,,memorial,war_memorial,
7564125589,21.1717935,41.9770406,Дарко Велјаноски,,,,,,,,,,,,,,memorial,war_memorial,
7564125590,21.1747438,41.9767893,Веби Рушитоски,,,,,,,,,,,,,,memorial,war_memorial,
7564125591,21.1770879,41.9770420,Пеце Секулоски,,,,,,,,,,,,,,memorial,war_memorial,
7623493347,21.6256855,41.3575814,Карпалак,,,,,,,,,,,,,,memorial,plaque,
7626158209,22.0299137,41.4013924,Моклиште,,Moklishte,,,,,,,,,,,,,,mk:Моклиште (Кавадаречко)
7626158238,22.0284286,41.4014262,Масакр во Ваташа,,Vatasha Massacre,,,,,,,,,,,,memorial,war_memorial,mk:Масакр во Ваташа
7626874879,21.5583071,41.3428704,Пере Тошев,,Pere Toshev,,,,,,,,,,,,tomb,,
7771077503,20.8721449,41.4436592,Duko Tasev,,,,,,,,,,,,,,memorial,war_memorial,
7796229745,20.9229426,41.4831122,Гоце Делчев,,,,,,,,,,,,,,monument,,
7796229746,20.9222623,41.4835750,Христо Узунов,,Hristo Uzunov,,,,,,,,,,,,monument,,
7817956982,20.7949057,41.1150206,Горна Порта,,Upper Gate,Gorna Porta,,,,,,,,,,,city_gate,,
7826733791,20.9658462,41.4528994,Битката на Ѓурѓејца,,Battle of Gjurgjejca,,,,,,,,,,,,battlefield,,
7833094677,21.9420620,41.8646892,Споменик Св. Никола,,Monument of St. Nicholas,,,,,,,,,,,,monument,,
7833095397,21.9410121,41.8644645,Споменик „Лазар Колишевски“,,,,,,,,,,,,,,monument,,
7836134125,21.9386585,41.8627557,Св. Илија,,,,,,,,,,,,,,memorial,,
7947878810,22.4127780,41.9156602,Споменик на Никола Карев,,Monument to Nikola Karev,,,,,,,,,,,,monument,,
8048135011,21.5629735,41.3464944,Кире Гаврилоски-Јане / Круме Волнароски-Коља,,Kire Gavriloski-Jane / Krume Volnaroski-Kolja,,,,,,,,,,,,memorial,war_memorial,
8063563409,21.5572532,41.3421058,Александар Македонски,,Alexander The Great,,,,,,,,,,,,memorial,plaque,
8069229451,21.2497380,41.3677912,Биста на Манчу Матак,,Bust of Manču Matak,,,,,,,,,,,,,bust,
8193704891,21.2464617,41.3761727,Мирослав Јоксимовиќ,Мирослав Јоксимовиќ,Miroslav Joksimovikj,,,,,,,,,,,,memorial,plaque,
8279921462,21.2488407,41.3653786,Кица Петрески,,Kica Petreski,,,,,,,,,,,,monument,,
8357393477,21.7169604,41.2058438,Градот,,Gradot,,,,,,,,,,,,,,
8402562316,21.6650899,41.8668125,VAM-304,,,,,,,,,,,,,,monument,,
8402601134,22.6491133,41.4498577,МАР-7712,,,,,,,,,,,,,,monument,,
8412381211,20.6489384,41.3660450,1. Бригада,1. Бригада,1st Brigade,,,,,,,,,,,,memorial,,mk:Прва македонска ударна бригада
8433354043,21.4292436,41.9998632,Ослободителите на Скопје,,Monument to the Liberators of Skopje,,,,,,,,,,,,monument,,
8534237588,21.5549177,41.3435127,08.12.1941,,,,,,,,,,,,,,memorial,plaque,
8677386085,20.9185104,42.0673767,Вејце,,,,,,,,,,,,,,monument,,
8880547039,21.4485415,41.9998618,Генерал Михаило Апостолски,,,,,,,,,,,,,,monument,,
8883349543,21.4506665,41.9988251,Генерал Михајло Апостолски,Генерал Михајло Апостолски,,General Mihajlo Apostolski,,,,,,,,,,,memorial,statue,
8883349544,21.4412009,41.9960184,Krste Petkov Misirkov,Крсте Петков Мисирков,,,,,,,,,,,,,monument,,
8883349545,21.4408764,41.9960802,Blaže Koneski,Блаже Конески,,,,,,,,,,,,,monument,,
8901338318,21.0216359,41.6560282,Sultana,,,,,,,,,,,,,,memorial,,
8901338319,20.8817320,41.7192252,Xhemë Hasa,,,,,,,,,,,,,,memorial,,
8901349094,20.9510739,41.5964956,Albanian Mother,,,,,,,,,,,,,,memorial,,
8944545329,21.3208996,41.0108476,Св. Георгиј,Св. Георгиј,St. George,,,,,,,,,,,,wayside_shrine,,
8951219184,20.7993330,41.1119818,Фаќач на чесниот крст,Фаќач на чесниот крст,,,,,,,,,,,,,monument,,
9026624343,21.4326511,41.9945304,Павел Шатев,,Pavel Šatev,,,,,,,,,,,,monument,,
9078062189,21.4332709,41.9937260,Невена Георгиева-Дуња,,,,,,,,,,,,,,memorial,statue,
9080920713,21.0288552,42.0640097,Ѓоко Лазаревски,,Gjoko Lazarevski,,,,,,,,,,,,monument,,
9080921338,21.0272120,42.0700178,Теодорит,,,,,,,,,,,,,,tomb,,
9086030878,21.0282911,42.0669654,Кирил Пејчиновиќ-Тетоец,,Kiril Pejchinovikj-Tetoec,,,,,,,,,,,,tomb,,
9086030879,21.0285176,42.0668701,Загинати Лешочани во војните 1903-2001,,,,,,,,,,,,,,monument,,
9200215821,20.7982760,41.1141534,Нада Филева,,Nada Fileva,,,,,,,,,,,,memorial,,
9200216569,21.4185013,42.0043082,Dane kraptzew,,,,,,,,,,,,,,memorial,,
9241877277,22.6364291,41.4354106,Museum Strumica,,,,,,,,,,,,,,,,
9241915460,22.5220207,41.1488082,Vardarski Rid,,,,,,,,,,,,,,,,
9269907745,21.4296159,41.9918182,Атентат на Киро Глигоров,,Atentat of Kiro Gligorov,,,,,,,,,,,,memorial,plaque,
9633312940,21.6070578,41.3643261,Св. Петка,,St. Parascheva,,,,,,,,,,,,wayside_shrine,,
9653138816,21.3293819,41.0188580,Ф-86Е,,F-86E,,,,,,,,,,ВВС на СФРЈ,,aircraft,,en:F-86
9653178117,21.3292773,41.0186718,Ф-86Д,,F-86D,,,,,,,,,,ВВС на СФРЈ,,aircraft,,en:F-86
9661472617,22.4105061,41.9135927,Браќата Просветители Св. Кирил и Методиј,,,,,,,,,,,,,,monument,,
9661483288,22.4106120,41.9143473,Љупчо Сантов,,,,,,,,,,,,,,monument,,
9663795290,21.4572557,41.2045110,Братска гробница,,,,,,,,,,,,,,tomb,,
9673875423,21.6216919,41.9755167,Сухои Су-25УБ,,Sukhoi Su25UB,,,,,,,,,,ВВС на Македонија,,aircraft,,mk:Сухој Су-25
9673875424,21.6219516,41.9754577,Сухои Су-25К,,Sukhoi Su25K,,,,,,,,,,ВВС на Македонија,,aircraft,,mk:Сухој Су-25
9673875425,21.6221983,41.9753556,Сухои Су-25К,,Sukhoi Su25K,,,,,,,,,,ВВС на Македонија,,aircraft,,mk:Сухој Су-25
9673875426,21.6224322,41.9752870,Сухои Су-25К,,Sukhoi Su25K,,,,,,,,,,ВВС на Македонија,,aircraft,,mk:Сухој Су-25
9723408984,21.6200758,41.4286415,Игуменија Катерина,,,,,,,,,,,,,,tomb,,
9927105104,20.8835051,41.8783510,Naser Ademi,,,,,,,,,,,,,,monument,,
9927105105,20.8834670,41.8782156,Deshmoret e Ushtrise Clirimtare Kombetare,,,,,,,,,,,,,,monument,,
9945894317,20.7970433,41.1123275,House of Lambeski,,,,,,,,,,,,,,,,
10006874002,22.1778987,42.0001506,Јаким Д Стојковски,,,,,,,,,,,,,,memorial,bust,
10173766195,22.5027575,41.8768098,Viničko Kale,,,,,,,,,,,,,,castle,,
10204019571,20.6778798,41.1757975,Нико Нестор-Дживджан,,,,,,,,,,,,,,memorial,bust,
10204019572,20.6791018,41.1756353,Дрини дент,,,Drini dent,,,,,+389 46 781 143,,Mo-Fr 10:00-17:00; Sa 09:00-14;00,,,,memorial,,
10733732764,21.3631045,42.0080767,99.4-025,,,,,,,,,,,,,,locomotive,,
10733732766,21.4618597,41.9780627,83-064,,,,,,,,,,,,,,locomotive,,
10913797906,21.4328484,41.9964125,Споменик „Солунски атентатори и Гемиџии“,,,,,,,,,,,,,,memorial,,
10914553383,21.2888220,41.9538189,Света Троица и Свети Ѓорѓија,,Holy Trinity and Holy George,,,,,,,,,,,,ruins,,
11107939919,21.1617392,41.8117124,Голема Пеш,,Golema Pesht,,,,,,,,,,,,archaeological_site,,mk:Голема Пеш
1000000032463336,21.3925591,42.0165648,Скупи,,Scupi,Skupi,,,,,,,,,,,archaeological_site,,mk:Скупи
1000000032812963,21.4362138,42.0026676,Музеј на Македонија,,Museum of Macedonia,Muzej na Makedonija,Cкoпje,,1000,Прохор Пчински,,,,yes,,,,,mk:Музеј на Македонија
1000000032885596,21.4298357,42.0083560,Француски гробишта,,French Cemetery,Francuski Grobišta,,,,,,,,,,,monument,,
1000000032887087,21.4329048,42.0040225,Музеј на современата уметност,,Contemporary Art Museum of Macedonia,,Cкoпje,,1000,Самоилова,+389 2 3117734,,Tu-Sa 10:00-15:00; Su 09:00-13:00,yes,,https://msu.mk/home/,,,mk:Музеј на современата уметност (Скопје)
1000000033100249,20.9600820,42.0193826,Тетовско Кале,,Tetovo Fortress,Tetovsko Kale,,,,,,,,,,,castle,,
1000000034093752,20.7910566,41.1152832,Самуилова тврдина,,Samuil's Fortress,Samuilova tvrdina,,,,,,,,,,,castle,,mk:Самуилова тврдина
1000000034093853,20.7938144,41.1146398,Антички театар,,Ancient Theatre,Antički Teatar,,,,,,,,,,,archaeological_site,,mk:Антички театар (Охрид)
1000000034094279,20.7908576,41.1128239,Плаошник,,Plaoshnik,Plaošnik,,,,,,,,,,,archaeological_site,,mk:Плаошник
1000000037748507,21.3338976,41.0308805,Саат Кула,,Clock Tower,Saat Kula,Битола,,7000,,,,,,,,tower,,mk:Саат-кула_(Битола)
1000000037956139,21.3423416,41.0111109,Хераклеа Линкестис,,Heraclea Lyncestis,Heraklea Linkestis,,,,,,,,,,,archaeological_site,,
1000000038580676,21.3351246,41.0299321,Магаза,,Magaza gallery,Magaza,,,,,,,,,,,,,
1000000150596710,21.7894868,41.7233006,Спомен Костурница,,Kosturnica Memorial,,,,,,,,,,,,,,
1000000159068224,21.7226461,42.1453963,Споменик Костурница,,,Spomenik Kosturnica,,,,,,,,,,,monument,,
1000000172171547,21.4357236,41.9987239,Национална галерија „Даут-пашин амам“,,Daut Pasha Hamam National Gallery,Nacionalna Galerija -Daut Pašin Amam,Cкoпje,,1000,,+389 2 3133102,,Tu-Su 10:00-18:00,yes,,https://nationalgallery.mk/,,,en:National Gallery of Macedonia
1000000172180530,21.4331319,41.9979845,Музеј на македонската борба,,Museum of the Macedonian struggle,Muzej na Makedonskata borba,Cкoпje,1,1000,11 Март,+389 2 3256 667,,Tu-Su 10:00-18:00,yes,,http://mmb.org.mk/w/,,,en:Museum of the Macedonian Struggle (Skopje)
1000000172186249,21.4333832,41.9984656,Меморијален центар на холокаустот на Евреите од Македонија,,Holocaust Memorial Center for the Jews of Macedonia,Memorijalen centar na holokaustot na Evreite na Makedonija,Cкoпje,2,1000,Самоилова,+389 2 3122697,,,,,https://www.holocaustfund.org/,memorial,,en:Holocaust Memorial Center for the Jews of Macedonia
1000000176040285,21.4290087,41.9909144,Музеј на Град Скопје,,Museum of the City of Skopje,,Cкoпje,,1000,,+389 2 3114742,,,yes,,http://www.mgs.org.mk/,,,en:Museum of the City of Skopje
1000000176051871,21.4308590,41.9938304,Спомен куќа на Мајка Тереза,,Memorial House of Mother Teresa,Muzej-kuḱa na Majka Tereza,Cкoпje,,1000,Македонија,+389 2 3290674,,Mo-Fr 09:00-20:00  Sa-Su 09:00-14:00,no,,http://www.memorialhouseofmotherteresa.org/,,,en:Memorial House of Mother Teresa
1000000179291828,20.7406422,40.9139504,Манастир „Свети Наум“,Манастир „Свети Наум“,Monastery of Saint Naum,Manastir Sveti Naum,,,,,,,,,,,church,,en:Monastery of Saint Naum
1000000180360206,21.4189735,42.0222287,Аквадукт Скопје,,Skopje Aqueduct,Akvadukt Skopje,,,,,,,,,,,aqueduct,,en:Skopje Aqueduct
1000000181727867,22.3623435,42.2087939,Манастир Св. Јоаким Осоговски,Манастир Св. Јоаким Осоговски,Monastery of St. Joakim Osogovski,Manastir Sv. Joakim Osogovski,,,,,,,,,,,monastery,,
1000000181986735,22.2284115,42.0132986,Лесновски манастир,,Lesnovo Monastery,Lesnovski Manastir,,,,,,,,,,,yes,,mk:Лесновски манастир
1000000182927657,21.4283099,42.1255317,Манастир Св. Богородица,,St. Holy Mother of God Monastery,Manastir Sv. Bogorodica,,,,,,,,,,,yes,,
1000000182933841,21.4695997,42.1097792,Манастир Св. Никола,,Saint Nicholas Monastery,Manastir Sv. Nikola,,,,,,,,,,,yes,,
1000000184307286,22.4090663,41.9215490,Средновековна Кула,,Medieval Tower,Srednovekovna Kula,,,,,,,,,,,tower,,
1000000184313963,22.4120810,41.9234042,Средновековна Кула,,Medieval Tower,Srednovekovna Kula,,,,,,,,,,,tower,,
1000000189909367,22.2905474,41.7990258,Баргала,,Bargala,Bargala,,,,,,,,,,,ruins,,mk:Баргала
1000000192121734,21.3384692,41.0349716,Џамија Ајдар Кади,,,,Битола,,,Цане Василев,,,,,,,yes,,mk:Ајдар-кади_џамија
1000000192125506,20.9663947,41.5129735,Китино Кале,Китино Кале,Kita Castle,,,,,,,,,,,,monument,,
1000000199052359,20.9887439,40.8670435,Стара базилика,,Old Basilica,,,,,,,,,,,,archaeological_site,,
1000000199052629,20.9904397,40.8681482,Римска цистерна,,Roman Cistern,,,,,,,,,,,,archaeological_site,,
1000000199056987,20.9907630,40.8688989,Старохристијанска базилика,,,,,,,,,,,,,,archaeological_site,,
1000000199056988,20.9909226,40.8685852,Римска Куќа,,,,,,,,,,,,,,archaeological_site,,
1000000199056990,20.9904649,40.8692875,Римска куќа,,,,,,,,,,,,,,archaeological_site,,
1000000199056991,20.9910801,40.8692252,Ранохристијанска базилика,,,,,,,,,,,,,,archaeological_site,,
1000000208711817,21.5523595,41.3450140,11 Октомври 1941,,October the 11th  1941,,,,,,,,,,Завод и Музеј на град Прилеп,,,,
1000000209092691,21.9734409,41.5520256,Стоби,,Stobi,Stobi,,,,,+389 75 210 752,,Mo-Sa 08:00-16:00,,,http://www.stobi.mk,archaeological_site,,mk:Стоби
1000000212703196,22.6300224,41.4324513,Цареви Кули,,Czar’s Towers,Carevi Kuli,,,,,,,,,,,archaeological_site,,
1000000217561610,21.2457367,41.3756055,Музеј на НОВ,,,,,,,,,,,,,,,,
1000000217563724,21.2462721,41.3744382,Спомен куќа Тоше Проески,,,,,,,,,,,,,,memorial,,
1000000217568679,21.2483713,41.3774080,Македониум,,,,,,,,,,,,,,monument,,
1000000217836998,20.7630670,41.1406241,Базилика "Свети Еразмо",,,,,,,,,,,,,,ruins,,
1000000217849357,20.7406600,40.9138479,Манастир „Свети Наум,,The Monastery of Saint Naum,,,,,,,,,,,,monastery,,
1000000217931793,20.7981350,40.9943571,Залив на Коските,,Bay of Bones,Bay of Bones,,,,,,,Tu-Su 09:00-16:15,,,,,,
1000000223008200,21.3147229,41.2582098,Кале,,,,,,,,,,,,,,archaeological_site,,
1000000224254694,21.2453034,41.3690527,Музеј на Илинденското востание и Крушевската Република,,Museum of the Ilinden Uprising and the Republic of Krushevo,,Крушево,44А,7550,Димитар Бербероски - Таќа Бербер,+38970619597;+38970356621,,,,,,,,mk:Музеј на Илинденското востание и Крушевската Република
1000000226160304,21.3421910,41.0114425,Roman Theater of Heraclea Lyncestis,,Roman Theater of Heraclea Lyncestis,Roman Theater of Heraclea Lyncestis,,,,,,,,,,,ruins,,en:Heraclea Lyncestis
1000000226161294,21.9746819,41.5514392,Антички театар,,ancient theater of Stobi,,,,,,,,,,,,ruins,,
1000000227433408,22.5217936,41.1485731,Вардарски Рид,,Vardar Hill,Vardarski Rid,,,,,,,,,,,archaeological_site,,mk:Вардарски рид
1000000229632394,22.4937194,41.2774735,Isar-Marvinci,,,,,,,,,,,,,https://vici.org/vici/Idomenia,archaeological_site,,en:Idomenae
1000000229930502,21.4344917,41.9968594,Археолошки музеј на Македонија,,Archaeological Museum of Macedonia,Arheološki Muzej na Makedonija,Cкoпje,,1000,,,,Tu-Su 10:00-18:00,yes,,,,,mk:Археолошки музеј (Скопје)
1000000231344771,21.5054395,42.0014931,Тумба Маџари,,Tumba Madzhari,Tumba Madžari,,,,,,,,,,,archaeological_site,,mk:Тумба (Маџари)
1000000232843018,21.6992927,41.8380760,Маркови Кули,,Markovi Kuli,,,,,,,,,,,,castle,,
1000000239422349,21.4324253,41.9944541,Порта Македонија,,Porta Macedonia,Porta Makedonija,Cкoпje,4А,1000,11 Октомври,+389 2 3151141,,,,,,monument,,en:Porta Macedonia
1000000240346454,21.2184749,41.2409432,Градиште,,Gradishte,,,,,,,,,,,,archaeological_site,,
1000000240622723,21.3985818,41.2441604,Стибера,,,,,,,,,,,,,,archaeological_site,,
1000000241085465,20.9667591,42.0057279,Шарена Џамија,,Pasha's Mosque,,Tetovo,,1220,Браќа Миладинови,,,24/7,,,,yes,,pl:Kolorowy_Meczet_(Tetowo)
1000000243981081,21.3975268,41.2437880,Стибера,,Stibera,,,,,,,,,,,,archaeological_site,,en:Stymbara (Macedonia)
1000000244812164,21.2876553,41.9869509,Ел Калем,,,,,,,,,,,,,,,,
1000000295526114,21.4370402,42.0014413,Безистен,,,Bezisten,skopje,,,,,,,,,,yes,,
1000000334649006,22.1002902,41.5034029,Антигона,,,,,,,,,,,,,,archaeological_site,,
1000000338675543,21.5545467,41.3342029,Могила на непобедените,,Mound of the undefeated,,,,,,,,,,,,memorial,,
1000000356302520,21.8279922,42.1981803,Св. Великомаченик Георгиј,,Church of St. George,,Старо Нагоричане,,,,,,,,,,church,,mk:Црква „Св. Великомаченик Георгиј“ - Старо Нагоричане
1000000411079115,21.4334562,41.9972545,Камен мост,,Stone Bridge,,,,,,,,,,,,monument,,
1000000414261893,21.5376681,41.4053138,Трескавец,,Treskavec,,,,,,,,,,,,archaeological_site,,
1000000417361056,22.1875198,41.7383122,Меморијален комплекс на паднатите борци на Револуцијата,,,,,,,,,,,,,,memorial,war_memorial,mk:Меморијален комплекс на паднатите борци на револуцијата
1000000417361065,22.1867683,41.7387626,Исар,,,,,,,,,,,,,,ruins,,mk:Штипска тврдина
1000000424490169,21.3882022,42.0204316,Скупи,,Scupi,Skupi,,,,,,,,,,,archaeological_site,,mk:Скупи
1000000439347125,22.1897424,41.7366515,Музеј Штип,,,,,,,,,,,no,,,,,mk:Завод и музеј (Штип)
1000000443072144,22.1926991,41.7375479,Безистен Штип,,,,,,,,,,,,,,,,mk:Безистен (Штип)
1000000445672540,20.9673497,42.0062617,Бегов амам,,Bey's Hamam,Begov amam,,,,,,,,yes,,,,,
1000000445947375,22.1821051,41.7363104,Гоце Делчев,,,,,,,,,,,,,,monument,,
1000000453048240,21.3785429,42.1027654,св. Тројица,,Sv. Trojitca,,,,,,,,,,,,monastery,,
1000000474873958,21.4335309,42.0007998,Скопско кале,,Skopje Fortress,Skopsko Kale,,,,,,,07:00-19:00,,,,castle,,mk:Скопско Kале
1000000477021071,21.4476482,42.0055287,Штакле,Штакле,Castle Stakle,,,58-a,1000,Менделеева,,,24/7,,,,castle,,
1000000502848605,21.3424336,41.0110255,Голема Базилика,,Great Basilica,Great Basilica,,,,,,,,,,,ruins,,
1000000513644247,21.2915142,41.9497131,Света Недела,,Holy Sunday,,,,,,,,,,,,monastery,,
1000000514513452,21.9124237,41.8471851,Билазора,,,,,,,,,,,,,,archaeological_site,,bg:Билазора
1000000553070358,21.4357374,41.9963896,Колонада,,,,,,,,,,,,,,monument,,
1000000603405553,22.7538513,41.3824630,Roman & Ottoman Bathouse,,,,,,,,,,,,,,archaeological_site,,
1000000625505115,20.7913898,41.1121984,Baptisterium,,,,,,,,,,,,,,building,,
1000000677981810,21.9566168,41.8291200,Geoglif Sv. Nikole,,,,,,,,,,,,,,archaeological_site,,
1000000679215630,22.1940372,41.7372486,Александар Македонски,,,,,,,,,,,,,,monument,,
1000000698993277,21.9099884,41.8497337,Bilazora - Water Reservoir,,,,,,,,,,,,,,archaeological_site,,
1000000704079412,21.7834205,41.7161516,Велешки Гемиџија,,,,,,,,,,,,,,monument,,
1000000807724824,21.1838993,42.1566690,Црквиште,,,,,,,,,,,,,,archaeological_site,,
1000000808916278,21.1717901,41.9770017,Масакр кај Карпалак,,Karpalak massacre,,,,,,,,,,,,battlefield,,mk:Масакр кај Карпалак
1000000816538102,22.0283406,41.4018835,Спомен парк Ваташа,,,,,,,,,,,,,,,war_memorial,
1000000821781063,21.2008838,41.2380682,Гориче,,Goriche,,,,,,,,,,,,archaeological_site,,mk:Гориче (Белче)
1000000834714782,21.6203779,42.1791177,Muzeu "Dëshmorët e kombit",,,,,,,,,,,,,,,,
1000000838638808,20.9661157,41.4530878,Спомен плоча - Ѓурѓејца,,,,,,,,,,,,,,memorial,war_memorial,
1000000839150822,21.9419066,41.8650267,Народен Музеј,,,,,,,,,,,,,,,,
1000000839150823,21.9388570,41.8647478,Споменик на Народоослободителната борба,,,,,,,,,,,,,,memorial,,
1000000839150824,21.9398177,41.8647238,Споменик „Александар Серафимов“,,,,,,,,,,,,,,monument,,
1000000849621044,22.4137918,41.9151239,Ловен Дом,,,,,,,,,,,,,,,,
1000000858650998,21.5537713,41.3351271,Могила на непобедените,,,,Прилеп,ББ,7500,Цар Самоил,,,24/7,,,,memorial,war_memorial,mk:Могила на непобедените
1000000875859703,21.3421990,41.5229304,Кале,,Kale,,,,,,,,,,,,archaeological_site,,mk:Кале (Зрзе)
1000000888421002,20.7934836,41.1128228,Archaeological site of Mancevci  Early Christian Basilica 5 AC,,,,,,,,,,,,,,archaeological_site,,
1000000896149100,21.2466583,41.3721718,Леарница,Леарница,Foundry,,Крушево,0,7550,Тома Никлев,+38970356621;+38975202123,,,,,,,,mk:Леарница (Крушево)
1000000899302511,21.7443348,41.0881076,Пешта,,Peshta,,,,,,,,,,,,archaeological_site,,
1000000899461223,21.5896205,41.2993700,Марков Ѕид,,Marko's Wall,,,,,,,,,,,,castle,,
1000000899465453,21.7263832,41.1650190,Мариовски Манастир,Мариовски Манастир,Monastery of Mariovo,,,,,,,,,,,,archaeological_site,,mk:Манастир Св. Никола (Манастир)
1000000899472741,21.7183712,41.2061626,Градот / Маркови Кули,,Gradot / Markovi Kuli,,,,,,,,,,,,archaeological_site,,mk:Градок - Маркови Кули
1000000899479869,21.6443787,41.2049089,Градиште,,Gradishte,,,,,,,,,,,,archaeological_site,,
1000000899479870,21.6521190,41.1967792,Бабо,,Babo,,,,,,,,,,,,archaeological_site,,
1000000899481750,21.5883917,41.2066672,Старо Бонче,,Staro Bonche,,,,,,,,,,,,archaeological_site,,mk:Старо Бонче (археолошко наоѓалиште)
1000000899481751,21.6162431,41.2078839,Пелагон,,Pelagon,,,,,,,,,,,,archaeological_site,,mk:Пелагон (град)
1000000903328344,21.2735584,41.5070505,Кула,,Kula,,,,,,,,,,,,archaeological_site,,mk:Кула (Македонски Брод)
1000000905876263,20.6486358,41.3659738,1. Бригада,,1 Бригада,,,,,,,,,,,,,,mk:Прва македонска ударна бригада
1000000906807150,21.7860547,40.9306998,Св. Петар,Св. Петар,St. Peter,,,,,,,,,,,,tomb,,
1000000981848250,21.0260840,42.0675908,Лешок,,Leshok,,,,,,,,,,,,archaeological_site,,
1000001044325422,22.4069974,41.9189051,Споменин на Слободата,,Freedom Monument,,,,,,,,,,,,monument,,
1000001050278253,21.2374131,41.5417536,Девини Кули,Девини Кули,Devini Kuli,,,,,,,,,,,,archaeological_site,,mk:Девини Кули
1000001054098604,21.3499992,41.5183903,Св. Никола,,St. Nicholas,,,,,,,,,,,,archaeological_site,,mk:Св. Никола (Зрзе)
1000001054395729,21.5584325,41.4492955,Спомен-дом Блаже Конески,Спомен-дом Блаже Конески,Blazhe Koneski Memorial House,,,,,,,,,,,,,,mk:Спомен-дом „Блаже Конески“
1000001102966574,21.5960668,41.2895520,19.12.1942,,,,,,,,,,,,,,memorial,war_memorial,
1000001109661815,22.5026472,41.8771820,Viničko Kale,,,,,,,,,,,,,,ruins,,
1000001126512716,21.5329048,41.3588123,Куќата на Ѓошеви,Куќата на Ѓошеви,House of Gjoshev,,,,,,,,,,,,archaeological_site,,mk:Куќата на Ѓошеви (Варош)
1000001127758201,21.3312768,41.0155657,Битолска Тврдина,Битолска Тврдина,Fortress of Bitola,,,,,,,,,,,,castle,,mk:Битолска тврдина
1000001136815836,21.4000685,41.2017673,Мучеинци,Мучеинци,Mucheinci,,,,,,,,,,,,archaeological_site,,mk:Мучеинци (Лознани)
1000001143766963,21.3356596,41.0238370,Музеј на Битола,,Museum of Bitola,,Битола,18,7000,Св. Климент Охридски,,,,,,,,,mk:Народен музеј - Битола
1000001143774305,21.5597309,41.3425254,Меморијален музеј Народен херој Кузман Јосифоски-Питу,Меморијален музеј Народен херој Кузман Јосифоски-Питу,People's hero Kuzman Josifoski-Pitu Memorial museum,,Прилеп,20,7500,Мара Јосифоска-Ѓурѓа,,,,,,,,,mk:Меморијален музеј „Кузман Јосифоски-Питу“
1000001144895703,21.5593935,41.3428270,Музеј,Музеј,Museum,,Прилеп,400,7500,Александар Македонски,,,,,,https://www.muzejprilep.org.mk,,,mk:Завод и музеј — Прилеп
1000001146996488,22.1882958,41.7362861,Св Кирил и Методи,,,,,,,,,,,,,,monument,,
1000001152990867,21.3322073,41.0268953,Goce Delchev Memorial House,,,,,,,,,,,,,,,,
1000001217195019,21.3586054,41.0410861,Mémorial de Bitola,,,,,,,,,,,,,,,,
1000001218569938,21.0138120,41.0883715,Спомен-куќа на Татарчеви,,Tatarchev House,,Ресен,,,,,,,,,,,,mk:Спомен-куќа_на_Татарчеви
2000000005360062,21.4370475,42.0031171,Куршумли-ан,,,Kursumli An,Cкoпje,,1000,,,,,,,,,,
2000000006620184,21.5385420,41.3615070,Маркови Кули,Маркови Кули,Marko's Towers,,,,,,,,,,,,castle,,en:Markovi Kuli
2000000015078753,21.5404318,41.3554199,Куќата на Мантови,Куќата на Мантови,House of Mantov,,,,,,,,,,,,archaeological_site,,mk:Куќата на Мантови (Варош)